id;artikelnr;name;bestellgröße;mengeneinheit_fk;preis;lieferant_fk;bio;kategorie_fk;standard;grundbedarf;durchschnitt;lebensmittel;kiste
1;436427;Pecorino Romano 47 %;200;3;3.199;1;0;1;0;0;;1;
2;43281;Gorgonzola Intenso 48 %;1500;3;9.619;1;0;1;0;0;;1;
3;50661;Roquefort Societe 1/4 Laib;660;3;41.411;1;0;1;0;0;;1;
4;239990;Ziegenrolle Soignon 45 % ;1000;3;14.489;1;0;1;0;0;;1;
5;56309;Ziegenrolle Frischkäse-Taler;200;3;16.469;1;0;1;0;0;;1;
6;;Ziegen-Camembert-Rolle;200;3;;1;0;1;0;0;;1;
7;437874;Appenzeller 1/4 Block;;10;;1;0;1;0;0;;1;
8;37659;Raclette Frz.45 % 1/4;1750;3;9.726;1;0;1;0;0;;1;
9;439853;Tr Ricotta  40 %;1500;3;45.778;1;0;1;0;0;;1;
10;440231;Tr Mascarpone 80 %;1500;3;36.342;1;0;1;0;0;;1;
11;21665;Frischkaese Kraeuter;200;3;0.68;1;0;1;0;0;;1;
12;;Hüttenkäse;1500;3;;1;0;1;0;0;;1;
13;410361;Halloumi Griech Grillkaese 43 %;250;3;2.664;1;0;1;0;0;;1;
14;;Cheddar;;10;;1;0;1;0;0;;1;
15;;Gryere;;10;;1;0;1;0;0;;1;
16;46606;Buttermilch Frisch;500;3;0.29;1;0;2;0;0;;1;
17;56149;Sahne Sauer 10 % G&G;200;3;0.369;1;0;2;0;0;;1;
18;437024;Schinken Serrano Gesch. Kuehn;500;3;18.172;1;0;3;0;0;;1;
19;436804;Schmid`S  Nudelteig Rolle;1000;3;47.178;1;0;4;0;0;;1;
20;23199;Strudelteig Schmid;300;3;2.236;1;0;4;0;0;;1;
21;431953;Blaetterteig Tk;3000;3;9.298;1;0;5;0;0;;1;
22;;Blaetterteig Rollen Frisch ;;10;;1;0;4;0;0;;1;
23;;Schupfnudeln Burger;2500;3;;1;0;29;0;0;;1;
24;14298;Seelachsfil.Nat.Tk140/160G;5000;3;31.554;1;0;6;0;0;;1;
25;41411;Zanderfilet Natur Tk;5000;3;85.589;1;0;6;0;0;;1;
26;50479;Lachsfilet Seiten Siegfr;;10;15.75;1;0;6;0;0;;1;
27;442640;Rotbarschfilet Natur Tk ;;3;31.019;1;0;6;0;0;;1;
28;443205;Steinbeisserf. Natur 180/220 G;5000;3;41.463;1;0;6;0;0;;1;
29;443188;Kabeljau Rückenfilet 180/200G;5000;3;47.8;1;0;6;0;0;;1;
30;442713;Kabeljaufilet 160/180G 5Kg Karton;5000;3;;1;0;6;0;0;;1;
31;442638;Seelachs Rückenfilet 160/180G;5000;3;34.8;1;0;6;0;0;;1;
32;432606;Frutti Di Mare Royal Tk Escal;1000;3;8.335;1;0;6;0;0;;1;
33;;Garnelen Ohne Darm. Geschält. Roh;1000;3;;1;0;6;0;0;;1;
34;56565;Forellenfil.M.Haut Geraeuch.;130;3;2.557;1;0;9;0;0;;1;
35;37460;Sardellenfil.In Oel Dittmann;156;6;2.878;1;0;9;0;0;;1;
36;441107;Markerbsen Mittelfein Tk West;2500;3;14.305;1;0;7;0;0;;1;
37;441112;Kaiserschoten 2.5 Kg Tk Westfro;2500;3;41.498;1;0;7;0;0;;1;
38;441167;Delikatessbohnen 8-9 Mm Tk Wf;2500;3;2.985;1;0;7;0;0;;1;
39;441172;Blattspinat Port. Tk Westfro;2500;3;25.235;1;0;7;0;0;;1;
40;443696;Rosenkohl 15/25Mm Tk Westfro;2500;3;3.199;1;0;7;0;0;;1;
41;35535;Zuckererbsenschoten Bonduel;1000;3;21.702;1;0;7;0;0;;1;
42;20715;Steinpilze Halbiert Tk Walhalla;1000;3;18.179;1;0;7;0;0;;1;
43;50696;Tortelli Frischkaese Tk Hilcona;2000;3;17.109;1;0;7;0;0;;1;
44;36366;Heidelbeeren Tk Golden Crown;2500;3;12.829;1;0;8;0;0;;1;
45;436725;Toast Butter Kornmark ;500;3;0.801;1;0;10;0;0;;1;
46;113388;Mandeln Ganz Backstube;200;3;13.881;1;0;11;0;0;;1;
47;171285;Mandeln Gestiftelt Insula;1000;3;8.549;1;0;11;0;0;;1;
48;449728;Kuerbiskerne Gruen Meienb.;500;3;18.019;1;0;11;0;0;;1;
49;447539;Cashewkerne Jumbo Meienb.;500;3;45.839;1;0;11;0;0;;1;
50;21971;Haselnusskerne Gehobelt Backst;100;3;1.069;1;0;11;0;0;;1;
51;;Walnusskerne;500;3;;1;0;11;0;0;;1;
52;171339;Pinienkerne Insula;500;3;18.179;1;0;11;0;0;;1;
53;196222;Pistazien Gehackt Insula;500;3;14.22;1;0;11;0;0;;1;
54;30408;Sesamsaat Bio Wertkost;250;3;1.069;1;0;11;0;0;;1;
55;449727;Sonnenblumenkerne Meienburg;1000;3;43.525;1;0;11;0;0;;1;
56;18107;Kokosflocken Insula;500;3;1.915;1;0;11;0;0;;1;
57;;Erdnüsse Gesalzen;200;3;;1;0;11;0;0;;1;
58;19363;Rosinen Insula;500;3;1.915;1;0;12;0;0;;1;
59;18153;Aprikosen Getrocknet Beutel;200;3;21.551;1;0;12;0;0;;1;
60;16440;Pflaumen Getrock.Entst. Backst.;250;3;1.069;1;0;12;0;0;;1;
61;446163;Datteln Entsteint Meienburg;500;3;12.844;1;0;12;0;0;;1;
62;446279;Feigen Getrocknet;500;3;;1;0;12;0;0;;1;
63;446148;Cranberries Getrocknet;400;3;14.336;1;0;12;0;0;;1;
64;47057;Maronen Vorgeg. Fr;400;3;3.627;1;0;12;0;0;;1;
65;32125;Steinpilze Getrocknet;500;3;;1;0;12;0;0;;1;
66;32129;Shitake Getrocknet;500;3;;1;0;12;0;0;;1;
67;53353;Tomaten Getrock.I.Oel Casa Ri.;2850;3;19.249;1;0;12;0;0;;1;
68;44058;Tomaten Getrocknet Niklas;1000;3;41.338;1;0;12;0;0;;1;
69;109242;Puderzucker;10000;3;;1;0;13;0;0;;1;
70;28926;Backpulver Meier;1000;3;2.129;1;0;13;0;0;;1;
71;438019;Pudding Vanille Z.K. Ruf;1000;3;3.948;1;0;13;0;0;;1;
72;39503;Sahnesteif Oetker;1000;3;6.195;1;0;13;0;0;;1;
73;437876;Tortenguss Klar Ruf;1000;3;;1;0;13;0;0;;1;
74;403191;Tortenguss Rot Ruf;1000;3;;1;0;13;0;0;;1;
75;15309;Nuss Nougat Backstube;200;3;1.808;1;0;13;0;0;;1;
76;83210;Marzipan Rohmasse Backstube;200;3;1.487;1;0;13;0;0;;1;
77;50043;Schokoladenblaettchen Insula;1000;3;6.623;1;0;13;0;0;;1;
78;350620;Kakaopulver Stark Entoelt Ins.;1000;3;6.944;1;0;13;0;0;;1;
79;50140;Kuvertüre Vollmilch Edeka;200;3;0.962;1;0;13;0;0;;1;
80;;Blockschokolade;200;3;;1;0;13;0;0;;1;
81;164775;Blaumohn Insula;500;3;2.129;1;0;13;0;0;;1;
82;93590;Kirschen Beleg Rot Ganz Insula;1000;3;9.619;1;0;13;0;0;;1;
83;146487;Orangeat Backstube;100;3;0.555;1;0;13;0;0;;1;
84;;Schokopudding Pulver;;10;;1;0;13;0;0;;1;
85;78027;Mandarin Orangen Topkauf;2650;6;5.125;1;0;14;0;0;;1;
86;177467;Ananas Scheiben;800;3;;1;0;14;0;0;;1;
87;169947;Gelee Johannisb.Rot Extra;450;3;2.129;1;0;13;0;0;;1;
88;46119;Konf.Aprikose Extra G&G;450;3;0.99;1;0;13;0;0;;1;
89;27467;Erdnusscreme Creamy Ueltje;350;3;3.092;1;0;15;0;0;;1;
90;27451;Schokol.Weisse Milka;100;3;0.855;1;0;15;0;0;;1;
91;371054;Loeffelbiskuits Savoiardi;500;3;1.915;1;0;15;0;0;;1;
92;147626;Preiselbeeren Wild Val. L.A.;370;6;1.166;1;0;15;0;0;;1;
93;87922;Sauce Vanille Dessert Lukull;1000;6;36.220;1;0;15;0;0;;1;
94;450039;Meringen Tropfen;125;3;;1;0;15;0;0;;1;
95;48216;Süssstoffspender;1200;8;;1;0;15;0;0;;1;
96;522653;Honig In Quetschflasche;500;3;;1;0;15;0;0;;1;
97;;Feigenmarmelade;400;3;;1;0;15;0;0;;1;
98;;Orangenmarmelade Günstig;400;3;;1;0;15;0;0;;1;
99;;Brauner Zucker;1000;3;;1;0;15;0;0;;1;
100;59458;Reis Parboiled Langkorn Topk:;5000;3;16.558;1;0;16;0;0;;1;
101;92825;Reis Risotto Arborio Riso;1000;3;19.054;1;0;16;0;0;;1;
102;449174;Reis Vollkorn Und Wild Ahama;5000;3;16.039;1;0;16;0;0;;1;
103;;Reis Rundkorn;;10;;1;0;16;0;0;;1;
104;16845;Lasagne Gelb Barilla;500;3;25.204;1;0;17;0;0;;1;
105;16500;Maccheroni Barilla Kurz;500;3;1.487;1;0;17;0;0;;1;
106;18056;Fussili Barilla;5000;3;25.416;1;0;17;0;0;;1;
107;;Oricchiette Barilla;500;3;;1;0;17;0;0;;1;
108;298975;Glasnudeln Lang Lungkow L.A.;500;3;2.129;1;0;17;0;0;;1;
109;51285;Haferflocken Günstig Zart;500;3;;1;0;18;0;0;;1;
110;449704;Couscous Mittelgrob Friess.;5000;3;36.342;1;0;18;0;0;;1;
111;109761;Griess Weichweizen Goldpuder;500;3;0.748;1;0;18;0;0;;1;
112;109631;Griess Hartweizen Goldpuder;500;3;0.79;1;0;18;0;0;;1;
113;449691;Hirse Ganz Friessinger;2500;3;21.641;1;0;18;0;0;;1;
114;;Graupen;500;3;;1;0;18;0;0;;1;
115;48910;Püree Flocken Pfanni;4000;3;41.530;1;0;29;0;0;;1;
116;48880;Linsen Rot Geschaelt Ahama;5000;3;11.759;1;0;19;0;0;;1;
117;668418;Linsen;500;3;1.166;1;0;19;0;0;;1;
118;;Belugalinsen;1000;3;;1;0;19;0;0;;1;
119;123279;Kichererbsen Ahama;5000;3;12.829;1;0;19;0;0;;1;
120;447412;Hellriegel Franz. Berglinsen Dunkel;;10;28.946;1;0;19;0;0;;1;
121;50627;Kichererbsen Neutrale Ware;425;3;0.59;1;0;19;0;0;;1;
122;111368;Bohnen Weiss+Suppengruen;850;6;0.748;1;0;19;0;0;;1;
123;;Kidneybohnen;800;3;;1;0;19;0;0;;1;
124;111375;Linsen Mit Suppengruen;850;3;0.748;1;0;19;0;0;;1;
125;147756;Bohnen Weisse Bonduelle;425;3;0.79;1;0;19;0;0;;1;
126;;Weisse Bohnen Trockenware;1000;3;;1;0;19;0;0;;1;
127;436996;Rotkohl Rotessa Hengstenberg;4250;6;6.302;1;0;20;0;0;;1;
128;;Sauerkraut;800;3;;1;0;20;0;0;;1;
129;;Rote Bete Gegart;;10;;1;0;20;0;0;;1;
130;59077;Tomaten Geschaelt Adria;2650;6;36.161;1;0;20;0;0;;1;
131;156262;Grobes Meersalz Beutel;5000;3;;1;0;21;0;0;;1;
132;;Knoblauchpfeffer Ubena?;;10;;1;0;21;0;0;;1;
133;163253;Pfefferkoerner Schwarz Wib.;1200;6;15.55;1;0;21;0;0;;1;
134;163260;Pfeffer Schwarz Wiberg;1200;6;15.65;1;0;21;0;0;;1;
135;184328;Koriander Gemahlen Wiberg;470;6;16.469;1;0;21;0;0;;1;
136;150097;Zimt Gemahlen Wiberg;1200;6;25.447;1;0;21;0;0;;1;
137;181961;Paprika Scharf Ubena;500;3;36.281;1;0;21;0;0;;1;
138;162991;Kurkuma Wiberg;500;3;20.180;1;0;21;0;0;;1;
139;944325;Chili Sauce Chicken K+K Diamond;;10;41.519;1;0;21;0;0;;1;
140;48596;Harissa Pfefferschoten Paste;140;3;1.487;1;0;21;0;0;;1;
141;35209;Ketchup Tom. Squeezeflasche;875;6;3.199;1;0;21;0;0;;1;
142;476454;Wasabi Paste Tube;45;3;;1;0;21;0;0;;1;
143;527678;Tabasco Kleine Flasche;;10;;1;0;21;0;0;;1;
144;;Kapern;800;3;;1;0;21;0;0;;1;
145;;Kürbiskernöl;300;6;;1;0;21;0;0;;1;
146;116097;Eis Chocolat Chips Moevenpik;6;5;41.509;1;0;22;0;0;;1;
147;116097;Eis Citronen Sorbet Moevenpik;6;5;41.509;1;0;22;0;0;;1;
148;116097;Eis Maple Walnuts Moevenpik;6;5;41.390;1;0;22;0;0;;1;
149;116097;Eis Quark Sauerkirsch Schoeller;6;5;41.377;1;0;22;0;0;;1;
150;;Grappa Villa Mazzolini 40%;0.7;5;;1;0;23;0;0;;1;
151;;Pott Rum 40 %;0.7;5;;1;0;23;0;0;;1;
152;;Cognac Delaitre V.S. 40%;0.7;5;;1;0;23;0;0;;1;
153;;Calvados;;10;;1;0;23;0;0;;1;
154;527436;Cidre Apfel Herb 4% Rheinberg;0.75;5;43.466;1;0;23;0;0;;1;
155;112521;Sherry Fino Dry 15 %;0.75;5;2.878;1;0;23;0;0;;1;
156;155139;Marsala Fine I.P.Tro.17 % K1/2;1;5;24.228;1;0;23;0;0;;1;
157;32598;Kirschwasser Fashion 40% Fies;1;5;10.689;1;0;23;0;0;;1;
158;65793;Ricard Pastis 45 %;0.7;5;13.99;1;0;23;0;0;;1;
159;35280;Baileys Irish Cream 17 %;0.7;5;18.203;1;0;23;0;0;;1;
160;190477;Amaretto Di Alfino21.5 %;0.7;5;19.054;1;0;23;0;0;;1;
161;;Ramazotti;0.7;5;;1;0;23;0;0;;1;
162;;Eierlikör;0.7;5;;1;0;23;0;0;;1;
163;;Glühwein;6;5;;1;0;23;0;0;;1;
164;30033;Handschuh Einweg Latex Large;100;1;4.269;1;0;24;0;0;;1;
165;30034;Handschuh Einweg Latex Medium;100;1;4.269;1;0;24;0;0;;1;
166;;Gummihandschuhe Grösse M;;10;;1;0;24;0;0;;1;
167;;Gummihandschuhe Grösse S;;10;;1;0;24;0;0;;1;
168;50884;Spritzbeutel Kochfest 40 Cm;2;1;7.479;1;0;24;0;0;;1;
169;;Fettlöser Sprühflsche;1;5;;1;0;24;0;0;;1;
170;472131;Pappteller 13X20 Cm Rpc;250;1;5.339;1;0;25;0;0;;1;
171;441958;Pappteller Wurst 9X15Cm Papst;250;1;4.269;1;0;25;0;0;;1;
172;;Einweg-Styropor-Teller Mit Deckel ;;10;;1;0;25;0;0;;1;
173;454764;Kögler Jumbo Trinkhalme;2000;1;21.641;1;0;25;0;0;;1;
174;51122;Willi Becher 50 Cl /-/;0.4;5;0.738;1;0;25;0;0;;1;
175;;Ribo Becher To Go Mit Deckel;0.3;5;;1;0;25;0;0;;1;
176;442123;Kugelschreiber Noname;60;1;30.286;1;0;26;0;0;;1;
177;;Tesafilm Rollen;0;10;;1;0;26;0;0;;1;
178;52881;Ascher Klar Stapelbar;0;10;1.017;1;0;26;0;0;;1;
179;453668;Feuchtwischmopp Tennessee;0;10;25.294;1;0;27;0;0;;1;
180;;Antikal  Badreiniger Sprayflasche;1;5;;1;0;27;0;0;;1;
181;;Backofenreiniger K2;0;10;;1;0;27;0;0;;1;
182;;Hygienebeutel;0;10;;1;0;27;0;0;;1;
183;;Linierte Ringbucheinlage Din A4;500;9;;1;0;25;0;0;;1;
184;;Kalenderbücher Dina 5  Täglich;0;10;;1;0;25;0;0;;1;
185;;Topfhandschuhe Paar;2;1;;1;0;24;0;0;;1;
186;;Kassenbericht Zweckform;0;10;;1;0;28;0;0;;1;
187;;Din A 5 Blöcke Unliniert;0;10;;1;0;28;0;0;;1;
188;191234;Teelichter G&G;100;1;43.525;1;0;26;0;0;;1;
189;441944;Kreidemarker Weiss 5Er Zieher;5;1;21.817;1;0;26;0;0;;1;
190;24536;Sahne Konditor 33% Swm;5000;3;0.014;1;0;2;0;1;3;1;
191;45504;Sahne Schlag Frisch 30% Hofgut;1;5;0.002;1;0;2;0;1;1;1;
192;36456;Quark 40% Campina;5000;3;0.012;1;0;2;0;1;3;1;
193;116417;Jogh.Natur 3,5% Mw Swwhf;5000;3;0.005;1;0;2;0;1;3;1;
194;49176;Butter Marken Mildges. G&G;250;3;0.001;1;0;2;0;1;3;1;
195;28016;Butterschmalz Butaris;2500;3;0.019;1;0;2;0;1;1;1;
196;43540;Butter Kraeuter Meggle;250;3;0.003;1;0;2;0;0;;1;
197;;Margarine;250;3;;1;0;2;0;0;;1;
198;436426;Aggenstein Emmentaler Riegel 45%;;1;0.005;1;0;1;0;1;4;1;
199;436417;Tortenbrie;3000;3;;1;0;1;0;1;1;1;
200;38623;Cambozola Torte 70%;2200;3;0.012;1;0;1;0;1;2;1;
201;64462;Schafskaese 50% Brebiol ;2000;3;0.011;1;0;1;0;1;3;1;
202;89997;Mozzarella Brot 45% Galbani ;1000;3;0.008;1;0;1;0;1;2;1;
203;21661;Frischkaese Natur G&G;200;3;0.001;1;0;1;0;1;1;1;
204;;Grana Padano Gerieben;;1;0.009;1;0;1;0;1;2;1;
205;38435;Grana Padano 32% Maitre;1000;3;0.014;1;0;1;0;1;3;1;
206;410174;Domsp.Creme Fraiche 30%;500;6;0.002;1;0;2;0;0;;1;
207;49313;Maultasch. Gemuese 20X50G Buerg;1000;3;0.005;1;0;29;0;1;2;1;
208;24997;Raeucherlachs Echt Krone;200;3;0.003;1;0;9;0;1;2;1;
209;51008;Schokol.Eszet Schnit.Vollm.;75;3;0.001;1;0;25;0;0;;1;
210;230276;Backpapier Grossrolle Toppits;1;4;0.017;1;0;27;0;0;;1;
211;24358;Frischhaltefolie 30Cmx300M Box;1;4;0.006;1;0;27;0;0;;1;
212;60811;Topfreiniger Stark 4Er Scotch;1;1;0.003;1;0;27;0;0;;1;
213;313881;Topfreiniger Edelstahlspirale 40G;1;1;0.000;1;0;27;0;0;;1;
214;14406;Muellsack 120L 110X70 Bl.;10;1;0.002;1;0;27;0;0;;1;
215;27513;Muellsack 60L 30Er Mit Zugband G&G;30;1;0.001;1;0;27;0;0;;1;
216;10482;Muellbeutel 35L 35Er G&G;35;1;;1;0;27;0;0;;1;
217;314778;Muellbeutel 20L Noname;1;1;;1;0;27;0;0;;1;
218;48903;Gefrierbeutel 6L Noname;1;1;;1;0;27;0;0;;1;
219;58406;Gefrierbeutel 3L Noname;1;1;;1;0;27;0;0;;1;
220;13921;Kuechentuecher 3Lg 4X51Bl G&G;1;4;0.001;1;0;27;0;0;;1;
221;449628;Tortenspitzen Rund Weiß 37Cm;1;4;0.007;1;0;27;0;0;;1;
222;14702;Tortenunterlage 30 Cm 100Er Papstar;1;4;0.011;1;0;27;0;0;;1;
223;441068;Serv.Zt.33.1Lg.D-Blau1/4 500Er ;1;4;0.008;1;0;27;0;0;;1;
224;441074;Dessertdeckch.17.Ws4000Er Duni ;1;4;0.016;1;0;27;0;0;;1;
225;48066;Vollwaschmittel 60Wl 4,8Kg G&G;1;4;0.006;1;0;27;0;0;;1;
226;42498;Vanish Oxi Action Pow.Weiss 1Kg;1000;3;0.010;1;0;27;0;0;;1;
227;24087;Essigreiniger 1L G&G;1;5;0.001;1;0;27;0;0;;1;
228;49123;Wc Reiniger 1Ltr.G&G;1;5;;1;0;27;0;0;;1;
229;35118;Toipa 3Lag.8X200Bl Recycling G&G;1;4;0.002;1;0;27;0;0;;1;
230;447540;Nusskernmischung Extra Mei;500;3;0.006;1;0;11;0;0;;1;
231;49760;Tomaten Pizza Ital. Adria;4250;6;0.004;1;0;20;0;0;;1;
232;444200;Tomaten Passiert La Belle;1000;3;0.001;1;0;20;0;0;;1;
233;49451;Tomatenmark Ital.Tuben;200;3;0.001;1;0;20;0;0;;1;
234;131508;Pesto Alla Genovese Tigullio;500;3;0.006;1;0;20;0;0;;1;
235;166337;Senf Suess Hausmach. Haend;1000;3;0.003;1;0;20;0;0;;1;
236;278124;Senf Dijon Weiss Scharf Clovi;800;6;0.005;1;0;20;0;0;;1;
237;445223;Meerrettich Sahne Koch;240;3;0.002;1;0;20;0;0;;1;
238;462173;Gurken Dillschnitten Kuehne;670;3; ;1;0;20;0;0;;1;
239;960642;Pepperoni Mild;370;3; ;1;0;20;0;0;;1;
240;60879;Mango Scheiben Dole;446;3;0.001;1;0;20;0;0;;1;
241;14849;Aprikosen 1/2 Dunst Topkauf;2650;6;0.004;1;0;13;0;0;;1;
242;129284;Pfirsiche Dunst 1/2 Topkauf;2650;6;0.003;1;0;13;0;0;;1;
243;19394;Birnen 1/2Frucht Topkauf;2650;6;0.004;1;0;14;0;0;;1;
244;43809;Oel Sonnenblumen Topkauf;10;5;0.015;1;0;30;0;1;3;1;
245;46953;Oel Oliven Tresteroel Bonoliva;5;5;0.015;1;0;30;0;1;2;1;
246;150752;Essig Aceto Balsamico Wiberg;1;5;0.007;1;0;30;0;0;;1;
247;443855;Essig Aceto Balsamico  Bianco;1;5;;1;0;30;0;0;;1;
248;438448;Essig Weisswein 6 % Hengstenberg;2;5;0.005;1;0;30;0;0;;1;
249;444053;Speisesalz Friessinger;10000;3;0.005;1;0;30;0;0;;1;
250;463090;Mehl Weizen Typ405 G&G;1000;3;0.000;1;0;31;0;0;;1;
251;29183;Mehl Dinkel Type 630 Goldpuder;1000;3;0.002;1;0;31;0;0;;1;
252;440968;Friess Paniermehl Mutschelmehl;5000;3;0.006;1;0;31;0;0;;1;
253;212018;Kartoffelmehl;500;3;0.001;1;0;31;0;0;;1;
254;196161;Mandeln Gehobelt;500;3;0.005;1;0;13;0;0;;1;
255;196185;Mandeln Gehackt Insula;500;3;0.005;1;0;13;0;0;;1;
256;460492;Mandeln Gemahlen Insula;1000;3;0.009;1;0;13;0;0;;1;
257;462485;Haselnusskerne Gehackt Backstu;100;3;0.001;1;0;13;0;0;;1;
258;171308;Haselnusskerne Gemahl. Insu.;1000;3;0.010;1;0;13;0;0;;1;
259;;Schokol.Edel Bitter 50%Ritter;100;3;0.001;1;0;13;0;0;;1;
260;283355;Kokosnussmilch Tetra Aroy-D;1;5;0.003;1;0;13;0;0;;1;
261;343073;Butter Nuss Schokos Gruyters;1000;3;0.007;1;0;32;0;1;5;1;
262;436700;Butter Gebaeck Gruyters ;1000;3;0.007;1;0;32;0;1;5;1;
263;62800;Deloba Bahlsen ;1700;3;0.015;1;0;32;0;0;;1;
264;364360;Zucker Raffinade Fein G&G;1000;3;0.001;1;0;21;0;1;1;1;
265;13110;Kaffeesahne 10% 240X7,5G Mait. ;240;1;0.005;1;0;25;0;0;;1;
266;120133;Ovomaltine Nachfüllbeutel;500;3;0.004;1;0;25;0;0;;1;
267;405002;Schattenmorellen O.St.Okis;720;6;0.001;1;0;13;0;0;;1;
268;196154;Krokant Haselnuss Insula;500;3;0.003;1;0;22;0;0;;1;
269;454436;Kögler Dekopicker Eisschirmchen;105;1;0.005;1;0;22;0;0;;1;
270;17483;Katjes Gr.Rattensch.Apf.;200;1;0.006;1;0;22;0;0;;1;
271;116141;Eis Creme Vanilla Moevenpick;6;5;0.025;1;0;22;0;0;;1;
272;53691;Waffel Roell. Tekr. Hohlhippen;100;1;0.005;1;0;22;0;0;;1;
273;60678;Eistüten 84 Stück Tekrum;84;1;0.009;1;0;22;0;0;;1;
274;523185;Eisschirmchen Fackelmann;170;1;0.004;1;0;22;0;0;;1;
275;65571;Nudeln Band 20Mm F.Tag Jeremia;2500;3;0.009;1;0;17;0;0;;1;
276;299794;Nudelnester 4Mm Fest Jeremias;2500;3;0.009;1;0;17;0;0;;1;
277;16289;Spaghetti No.5 Barilla;5000;3;0.010;1;0;17;0;0;;1;
278;16296;Tortiglioni No.83 Barilla;5000;3;0.010;1;0;17;0;0;;1;
279;17893;Penne Lisce No.71 Barilla;5000;3;0.010;1;0;17;0;0;;1;
280;938988;Bavette Barilla;5000;3;;1;0;17;0;0;;1;
281;42219;Farfalle Nr.65 Barilla;5000;3;0.010;1;0;17;0;0;;1;
282;;Lasagne Blätter Barilla;500;3;;1;0;17;0;0;;1;
283;438990;Gnocchi De Doge La Cucina;500;3;0.002;1;0;29;0;0;;1;
284;11130;Basmati Reis Ahama;5000;3;;1;0;16;0;0;;1;
285;36363;Himbeeren Tk Golden Crown;2500;3;0.011;1;0;8;0;1;1;1;
286;441353;Pflaumen 1/2 Frucht Tk Dirafr;2500;3;0.005;1;0;8;0;0;;1;
287;441357;Johannisbeeren Rot Tk Dirafro;2500;3;0.006;1;0;8;0;1;1;1;
288;441363;Rhabarber Rot Tk Dirafrost;2500;3;0.004;1;0;8;0;0;;1;
289;536372;Beerenteller Tk Golden Crown;2500;3;0.006;1;0;8;0;0;;1;
290;30172;Spargel geschält;;3;;2;1;33;0;0;;1;
291;5010;Auberginen;;3;;2;1;33;0;0;;1;
292;5030;Blumenkohl;;3;;2;1;33;0;0;;1;
293;5059;Bohne Breit;;3;;2;1;33;0;0;;1;
294;5090;Broccoli;;3;;2;1;33;0;0;;1;
295;5202;Chicoree;;3;;2;1;33;0;0;;1;
296;5220;Chinakohl;;3;;2;1;33;0;0;;1;
297;5351;Fenchel;;3;;2;1;33;0;0;;1;
298;5500;Gurken;;3;;2;1;33;0;0;;1;
299;5650;Grünkohl;;3;;2;1;33;0;0;;1;
300;5700;Ingwer;;3;;2;1;33;0;0;;1;
301;5804;Karotten;;3;;2;1;33;0;0;;1;
302;5850;Kartoffel Concordia;;3;;2;1;33;0;0;;1;
303;5851;Kartoffel Quarta;;3;;2;1;33;0;0;;1;
304;5852;Kartoffel Berber;;3;;2;1;33;0;0;;1;
305;5853;Kartoffel Cilena;;3;;2;1;33;0;0;;1;
306;5854;Kartoffel Jelli;;3;;2;1;33;0;0;;1;
307;5856;Kartoffel vorwiegend festk.;;3;;2;1;33;0;0;;1;
308;5858;Kartoffel Drillinge;;3;;2;1;33;0;0;;1;
309;5860;Kartoffel Spunda;;3;;2;1;33;0;0;;1;
310;5861;Kartoffel gepackt;;3;;2;1;33;0;0;;1;
311;5862;Kartoffel Marabelle;;3;;2;1;33;0;0;;1;
312;5865;Süßkartoffel;;3;;2;1;33;0;0;;1;
313;5866;Kartoffel gew festkochend;;3;;2;1;33;0;0;;1;
314;5869;Kartoffel Galatina Siglinde;;3;;2;1;33;0;0;;1;
315;5871;Kartoffel Sieglinde;;3;;2;1;33;0;0;;1;
316;5873;Kartoffel Annabella;;3;;2;1;33;0;0;;1;
317;5900;Knoblauch Sack;5000;3;;2;1;33;0;0;;1;
318;5901;Knoblauch weiß;1000;3;;2;1;33;0;0;;1;
319;5903;Knoblauch rosé;;3;;2;1;33;0;0;;1;
320;5910;Kohlrabi;;3;;2;1;33;0;0;;1;
321;6000;Bohnenkraut;;3;;2;1;33;0;0;;1;
322;6001;Basilikum;;3;;2;1;33;0;0;;1;
323;6003;Schnittlauch;;3;;2;1;33;0;0;;1;
324;6006;Minze;;3;;2;1;33;0;0;;1;
325;6007;Zitronenmelisse;;3;;2;1;33;0;0;;1;
326;6008;Dill;;3;;2;1;33;0;0;;1;
327;6009;Sauerampfer;;3;;2;1;33;0;0;;1;
328;6010;Majoran;;3;;2;1;33;0;0;;1;
329;6011;Kerbel;;3;;2;1;33;0;0;;1;
330;6012;Koriander;;3;;2;1;33;0;0;;1;
331;6014;Thymian;;3;;2;1;33;0;0;;1;
332;6015;Rosmarien;;3;;2;1;33;0;0;;1;
333;6018;Salbei;;3;;2;1;33;0;0;;1;
334;6021;Salbei Topf;;3;;2;1;33;0;0;;1;
335;6022;Kresse lose;;3;;2;1;33;0;0;;1;
336;6026;Oregano;;3;;2;1;33;0;0;;1;
337;6027;Basilikum Topf;;3;;2;1;33;0;0;;1;
338;6030;Bärlauch;;3;;2;1;33;0;0;;1;
339;6034;Liebstöckel;;3;;2;1;33;0;0;;1;
340;6037;Schnittlauch;;3;;2;1;33;0;0;;1;
341;6043;Kresse lose;;3;;2;1;33;0;0;;1;
342;6051;Hokkaido;;3;;2;1;33;0;0;;1;
343;6052;Butternuss Kübis;;3;;2;1;33;0;0;;1;
344;6053;Muskat Kürbis;;3;;2;1;33;0;0;;1;
345;6060;Weißkraut;;3;;2;1;33;0;0;;1;
346;6061;Rotkraut;;3;;2;1;33;0;0;;1;
347;6064;Spitzkraut;;3;;2;1;33;0;0;;1;
348;6066;Weißkraut;;3;;2;1;33;0;0;;1;
349;6100;Lauch;;3;;2;1;33;0;0;;1;
350;6120;Mangold;;3;;2;1;33;0;0;;1;
351;6124;Meerrettich;;3;;2;1;33;0;0;;1;
352;6130;gekochte Maroni;;3;;2;1;33;0;0;;1;
353;6200;Petersilie Kraus;;3;;2;1;33;0;0;;1;
354;6202;Petersilie Blatt;;3;;2;1;33;0;0;;1;
355;6210;Wurzelpetersilie;;3;;2;1;33;0;0;;1;
356;6215;Pastinaken;;3;;2;1;33;0;0;;1;
357;6231;Packchoi;;3;;2;1;33;0;0;;1;
358;6233;Endivien;;3;;2;1;33;0;0;;1;
359;6237;Rucola;;3;;2;1;33;0;0;;1;
360;6300;Paprika rot;;3;;2;1;33;0;0;;1;
361;6301;Paprika gelb;;3;;2;1;33;0;0;;1;
362;6302;Paprika grün;;3;;2;1;33;0;0;;1;
363;6340;Paprika Mix;;3;;2;1;33;0;0;;1;
364;6370;Peperoni rot;;3;;2;1;33;0;0;;1;
365;6500;Champignon weiß;;3;;2;1;33;0;0;;1;
366;6502;Austernpilze;;3;;2;1;33;0;0;;1;
367;6513;Champignon Riesen;;3;;2;1;33;0;0;;1;
368;6515;Kräuterseitlinge;;3;;2;1;33;0;0;;1;
369;6530;Pfifferlinge 1 Kg;1000;3;;2;1;33;0;0;;1;
370;6532;Pfifferlinge gewaschen 1,5 Kg;1500;3;;2;1;33;0;0;;1;
371;6535;Mischpilze;;3;;2;1;33;0;0;;1;
372;6600;Radieschen;;3;;2;1;33;0;0;;1;
373;6652;Rhabarber;;3;;2;1;33;0;0;;1;
374;6690;Rote Beete Bund;;3;;2;1;33;0;0;;1;
375;6691;Rote Beete lose;;3;;2;1;33;0;0;;1;
376;6693;Rote Beete gekocht;;3;;2;1;33;0;0;;1;
377;6810;Eichblatt weiß;;3;;2;1;33;0;0;;1;
378;6818;Frisee;;3;;2;1;33;0;0;;1;
379;6819;Romana;;3;;2;1;33;0;0;;1;
380;6820;Radicchio;;3;;2;1;33;0;0;;1;
381;6823;Feldsalat;;3;;2;1;33;0;0;;1;
382;6831;Eichblatt rot;;3;;2;1;33;0;0;;1;
383;6855;Wildkräutersalat;;3;;2;1;33;0;0;;1;
384;6916;Eichblatt weiß;;3;;2;1;33;0;0;;1;
385;6926;Frisee;;3;;2;1;33;0;0;;1;
386;6933;Radicchio;;3;;2;1;33;0;0;;1;
387;6935;Feldsalat;;3;;2;1;33;0;0;;1;
388;6942;Endivien;;3;;2;1;33;0;0;;1;
389;6950;Rucola;;3;;2;1;33;0;0;;1;
390;7006;Spargel grün;;3;;2;1;33;0;0;;1;
391;7010;Spargel weiß;;3;;2;1;33;0;0;;1;
392;7042;Roma Tomaten lose;;3;;2;1;33;0;0;;1;
393;7152;Grünspargel;;3;;2;1;33;0;0;;1;
394;7200;Sellerie lose;;3;;2;1;33;0;0;;1;
395;7204;Sellerie Bund;;3;;2;1;33;0;0;;1;
396;7210;Staudensellerie;;3;;2;1;33;0;0;;1;
397;7220;Schlotten;;3;;2;1;33;0;0;;1;
398;7240;Spinat;;3;;2;1;33;0;0;;1;
399;7242;Spinat Baby;;3;;2;1;33;0;0;;1;
400;7251;Schwarzwurzel;;3;;2;1;33;0;0;;1;
401;7301;Sojasprossen;;3;;2;1;33;0;0;;1;
402;7400;Tomaten lose;;3;;2;1;33;0;0;;1;
403;7408;Tomaten Rispe;;3;;2;1;33;0;0;;1;
404;7416;Cherry Tomaten Sweet Pearl;;3;;2;1;33;0;0;;1;
405;7428;Cocktail-Tomaten;;3;;2;1;33;0;0;;1;
406;7440;Roma Tomate;;3;;2;1;33;0;0;;1;
407;7444;Cherry Tomate;;3;;2;1;33;0;0;;1;
408;7449;Cherry Tomaten Petit Sweet;;3;;2;1;33;0;0;;1;
409;7454;Roma Tomaten;;3;;2;1;33;0;0;;1;
410;7457;Datterino Tomaten;;3;;2;1;33;0;0;;1;
411;7504;Saveol Rubis Tomaten;;3;;2;1;33;0;0;;1;
412;7701;Wirsing;;3;;2;1;33;0;0;;1;
413;7800;Zucchini;;3;;2;1;33;0;0;;1;
414;7811;Zucchini gelb;;3;;2;1;33;0;0;;1;
415;7900;Zwiebel;;3;;2;1;33;0;0;;1;
416;7902;Metzgerzwiebel;;3;;2;1;33;0;0;;1;
417;7905;Zwiebel rot;;3;;2;1;33;0;0;;1;
418;7906;E-Schalotten;;3;;2;1;33;0;0;;1;
419;1003;Cantaloup Melone;;3;;2;1;34;0;0;;1;
420;1005;Galia Melone;;3;;2;1;34;0;0;;1;
421;1007;Honigmelonen;;3;;2;1;34;0;0;;1;
422;101;Braeburn;7000;3;;2;1;34;0;0;;1;
423;1010;Netzmelonen;;3;;2;1;34;0;0;;1;
424;106;Granny Smith;;3;;2;1;34;0;0;;1;
425;107;Jonagold;7000;3;;2;1;34;0;0;;1;
426;1100;Mango ready to eat;;3;;2;1;34;0;0;;1;
427;1108;Mango 8er;;3;;2;1;34;0;0;;1;
428;114;Pinova;;3;;2;1;34;0;0;;1;
429;121;Braeburn;;3;;2;1;34;0;0;;1;
430;123;Elstar;;3;;2;1;34;0;0;;1;
431;127;Jonagold;;3;;2;1;34;0;0;;1;
432;128;Futji;;3;;2;1;34;0;0;;1;
433;134;Äpfel klein;;3;;2;1;34;0;0;;1;
434;137;Delbar;;3;;2;1;34;0;0;;1;
435;148;Elstar;;3;;2;1;34;0;0;;1;
436;154;Gala Äpfel;;3;;2;1;34;0;0;;1;
437;1603;Orangen;;3;;2;1;34;0;0;;1;
438;166;Aprikose;;3;;2;1;34;0;0;;1;
439;174;Mairac;;3;;2;1;34;0;0;;1;
440;1874;Pfirsich gelb;;3;;2;1;34;0;0;;1;
441;200;Avocado;;3;;2;1;34;0;0;;1;
442;201;Avocado ready to eat;;3;;2;1;34;0;0;;1;
443;2024;Papaya 8er;;3;;2;1;34;0;0;;1;
444;2027;Papaya ready to eat;;3;;2;1;34;0;0;;1;
445;203;Ananas Del Monte;;3;;2;1;34;0;0;;1;
446;204;Ananas;;3;;2;1;34;0;0;;1;
447;2041;Physalis;;3;;2;1;34;0;0;;1;
448;2051;Quitten;;3;;2;1;34;0;0;;1;
449;2055;Trauben weiß;;3;;2;1;34;0;0;;1;
450;2058;Quitten;;3;;2;1;34;0;0;;1;
451;206;Chiquita Bananen;;3;;2;1;34;0;0;;1;
452;207;Bananen Cobana;;3;;2;1;34;0;0;;1;
453;208;Bananen;;3;;2;1;34;0;0;;1;
454;210;Avocado;;3;;2;1;34;0;0;;1;
455;2205;Trauben weiß kernlos;4500;3;;2;1;34;0;0;;1;
456;2206;Trauben blau;;3;;2;1;34;0;0;;1;
457;2207;Trauben rose kernlso;;3;;2;1;34;0;0;;1;
458;2208;Trauben weißkernlos;8200;3;;2;1;34;0;0;;1;
459;2271;Trauben weiß Viktoria;;3;;2;1;34;0;0;;1;
460;2301;Trauben blau;;3;;2;1;34;0;0;;1;
461;2330;Trauben blau Ribol;;3;;2;1;34;0;0;;1;
462;264;Erdbeeren D;;3;;2;1;34;0;0;;1;
463;269;Erdbeeren;;3;;2;1;34;0;0;;1;
464;290;Johannisbeeren rot;500;3;;2;1;34;0;0;;1;
465;3000;Zwetschgen;;3;;2;1;34;0;0;;1;
466;305;Johannisbeeren weiß;500;3;;2;1;34;0;0;;1;
467;312;Heidelbeeren;250;3;;2;1;34;0;0;;1;
468;3200;Zitronengras;;3;;2;1;34;0;0;;1;
469;401;Abate Fetel  Sandri;;3;;2;1;34;0;0;;1;
470;405;Abate Fetel;;3;;2;1;34;0;0;;1;
471;410;Rosada Birnen;;3;;2;1;34;0;0;;1;
472;421;Santa Maria Sandri;;3;;2;1;34;0;0;;1;
473;430;Williams Christ Birnen;;3;;2;1;34;0;0;;1;
474;431;Red Bartlet Sandri;;3;;2;1;34;0;0;;1;
475;433;Williams;;3;;2;1;34;0;0;;1;
476;441;Williams  Sandri;;3;;2;1;34;0;0;;1;
477;442;Conferemce Birnen;;3;;2;1;34;0;0;;1;
478;460;Alexander Lucas Birnen;;3;;2;1;34;0;0;;1;
479;465;Packhams Triumph Birnen;;3;;2;1;34;0;0;;1;
480;469;Forelle Birnen;;3;;2;1;34;0;0;;1;
481;472;Birnen Morettini;;3;;2;1;34;0;0;;1;
482;601;Clementinen Diamant;;3;;2;1;34;0;0;;1;
483;602;Clementinen Le Gamin;;3;;2;1;34;0;0;;1;
484;604;Clementinen Blatt Kado;;3;;2;1;34;0;0;;1;
485;611;Clementinen Brio;;3;;2;1;34;0;0;;1;
486;617;Clementinen;;3;;2;1;34;0;0;;1;
487;618;Clementine Nadorcott;;3;;2;1;34;0;0;;1;
488;701;Feigen;;3;;2;1;34;0;0;;1;
489;731;Granatäpfel;;3;;2;1;34;0;0;;1;
490;7404;Tomaten lose;;3;;2;1;34;0;0;;1;
491;813;Kirschen;;3;;2;1;34;0;0;;1;
492;814;Kirschen D;;3;;2;1;34;0;0;;1;
493;900;Kiwi;;3;;2;1;34;0;0;;1;
494;954;Kumquats;;3;;2;1;34;0;0;;1;
495;982;Limetten;;3;;2;1;34;0;0;;1;
496;;Johannisbeeren SchwarzTk ;2500;3;;1;0;8;0;1;1;1;
497;;Cantaloup Melone;1;1;;2;1;34;0;0;;1;
498;;Galia Melone;1;1;;2;1;34;0;0;;1;
499;;Honigmelonen;1;1;;2;1;34;0;0;;1;
500;;Braeburn 7 Kg;1;2;;2;1;34;0;0;;1;7kg
501;;Mango ready to eat;1;1;;2;1;34;0;0;;1;7kg
502;;Pinova;1;2;;2;1;34;0;0;;1;19kg
503;;Braeburn;1;2;;2;1;34;0;0;;1;19kg
504;;Golden Delicius;1;2;;2;1;34;0;0;;1;19kg
505;;Jonagold;1;2;;2;1;34;0;0;;1;19kg
506;;Äpfel klein;1;2;;2;1;34;0;0;;1;21kg
507;;Avocado;1;1;;2;1;34;0;0;;1;12 St.
508;;Avocado ready to eat;1;1;;2;1;34;0;0;;1;
509;;Ananas7er;1;1;;2;1;34;0;0;;1;
510;;Papaya 8er;1;1;;2;1;34;0;0;;1;
511;;Ananas;1;1;;2;1;34;0;0;;1;
512;;Physalis;1;1;;2;1;34;0;0;;1;12 St.
513;;Chiquita Bananen;1;2;;2;1;34;0;0;;1;
514;;Bananen Cobana;1;2;;2;1;34;0;0;;1;
515;;Bananen;1;2;;2;1;34;0;0;;1;
516;;Ananas 5er Dole;1;1;;2;1;34;0;0;;1;
517;;Trauben blau;1;2;;2;1;34;0;0;;1;4,5kg
518;;Trauben rose kernlso;1;2;;2;1;34;0;0;;1;4,5kg
519;;Heidelbeeren;1;2;;2;1;34;0;0;;1;
520;;Zitronengras;1;2;;2;1;33;0;0;;1;
521;;Abate Fetel  Sandri;1;2;;2;1;33;0;0;;1;
522;;Williams Christ Birnen;1;2;;2;1;33;0;0;;1;
523;;Williams  Sandri;1;2;;2;1;33;0;0;;1;
524;;Auberginen;1;2;;2;1;33;0;0;;1;5kg
525;;Blumenkohl 6er;1;1;;2;1;33;0;0;;1;6kg
526;;Broccoli;1;2;;2;1;33;0;0;;1;5kg
527;;Butterrüben;1;2;;2;1;33;0;0;;1;5kg
528;;Chinakohl;1;1;;2;1;33;0;0;;1;
529;;Fenchel;1;2;;2;1;33;0;0;;1;5kg
530;;Gurken 5/6;1;1;;2;1;33;0;0;;1;12 St.
531;;Gurken;1;1;;2;1;33;0;0;;1;10 St.
532;;Gurken 4/5;1;1;;2;1;33;0;0;;1;12 St.
533;;Ingwer;1;2;;2;1;33;0;0;;1;
534;;Karotten;1;2;;2;1;33;0;0;;1;10kg
535;;Karotten groß;1;2;;2;1;33;0;0;;1;20kg
536;;Kartoffel Cilena;1;2;;2;1;33;0;0;;1;25kg
537;;Kartoffel Jelli;1;2;;2;1;33;0;0;;1;25kg
538;;Kartoffel schwarze Sieglinde;1;2;;2;1;33;0;0;;1;
539;;Kartoffel gew vorwiegend festkochend;1;2;;2;1;33;0;0;;1;25kg
540;;Kartoffel Drillinge;1;2;;2;1;33;0;0;;1;10kg
541;;Süßkartoffel;1;2;;2;1;33;0;0;;1;6kg
542;;Kartoffel gew festkochend;1;2;;2;1;33;0;0;;1;25kg
543;;Kartoffel Annabella;1;2;;2;1;33;0;0;;1;25kg
544;;Knoblauch 5 Kg Sack;1;2;;2;1;33;0;0;;1;5kg
545;;Knoblauch weiß 1Kg;1;2;;2;1;33;0;0;;1;
546;;Knoblauch rosé;1;2;;2;1;33;0;0;;1;6kg
547;;Kohlrabi;1;1;;2;1;33;0;0;;1;25 St.
548;;Kohlrabi 20er;1;1;;2;1;33;0;0;;1;20 St.
549;;Basilikum;1;11;;2;1;33;0;0;;1;
550;;Schnittlauch;1;11;;2;1;33;0;0;;1;
551;;Minze;1;11;;2;1;33;0;0;;1;
552;;Dill;1;11;;2;1;33;0;0;;1;
553;;Majoran;1;11;;2;1;33;0;0;;1;
554;;Kerbel;1;11;;2;1;33;0;0;;1;
555;;Koriander;1;11;;2;1;33;0;0;;1;
556;;Thymian;1;11;;2;1;33;0;0;;1;
557;;Rosmarien;1;11;;2;1;33;0;0;;1;
558;;Salbei;1;11;;2;1;33;0;0;;1;
559;;Clementinen Le Gamin;1;2;;2;1;33;0;0;;1;
560;;Kresse lose;1;2;;2;1;33;0;0;;1;
561;;Bärlauch;1;11;;2;1;33;0;0;;1;10 Bund
562;;Liebstöckel;1;11;;2;1;33;0;0;;1;10 Bund
563;;Hokkaido;1;2;;2;1;33;0;0;;1;
564;;Muskat Kürbis;1;2;;2;1;33;0;0;;1;
565;;Weißkraut;1;2;;2;1;33;0;0;;1;
566;;Lauch;1;2;;2;1;33;0;0;;1;10kg
567;;Clementinen Brio;0;2;;2;1;33;0;0;;1;
568;;Mangold;1;2;;2;1;33;0;0;;1;5kg
569;;Meerrettich;0;2;;2;1;33;0;0;;1;
570;;gekochte Maroni;400;3;;2;1;33;0;0;;1;
571;;Clementine Nadorcott;1;2;;2;1;33;0;0;;1;
572;;Petersilie Blatt;1;2;;2;1;33;0;0;;1;
573;;Wurzelpetersilie;1;2;;2;1;33;0;0;;1;5kg
574;;Wurzelpetersilie;1;2;;2;1;33;0;0;;1;
575;;Pastinaken;1;2;;2;1;33;0;0;;1;5kg
576;;Paprika rot;1;2;;2;1;33;0;0;;1;5kg
577;;Paprika gelb;1;2;;2;1;33;0;0;;1;5kg
578;;Paprika grün;1;2;;2;1;33;0;0;;1;5kg
579;;Peperoni rot;1;2;;2;1;33;0;0;;1;
580;;Champignon weiß;1;2;;2;1;33;0;0;;1;3kg
581;;Champignon braun;1;2;;2;1;33;0;0;;1;3kg
582;;Austernpilze;2;2;;2;1;33;0;0;;1;
583;;Radieschen;1;11;;2;1;33;0;0;;1;15 Bund
584;;Radies it;1;11;;2;1;33;0;0;;1;15 Bund
585;;Rote Beete lose;1;2;;2;1;33;0;0;;1;5kg
586;;Rote Beete gekocht;1;1;;2;1;33;0;0;;1;12 St.
587;;Feldsalat;1;2;;2;1;33;0;0;;1;1kg
588;;Eichblatt rot;1;1;;2;1;33;0;0;;1;9 St.
589;;Eichblatt weiß;1;1;;2;1;33;0;0;;1;9 St.
590;;Radicchio;3;2;;2;1;33;0;0;;1;
591;;Feldsalat;1;2;;2;1;33;0;0;;1;1kg
592;;Endivien;1;1;;2;1;33;0;0;;1;
593;;Rucola;1;11;;2;1;33;0;0;;1;10 Bund
594;;Sellerie lose;5;2;;2;1;33;0;0;;1;
595;;Staudensellerie;1;1;;2;1;33;0;0;;1;
596;;Schlotten;1;11;;2;1;33;0;0;;1;10 Bund
597;;Tomaten lose;6;2;;2;1;33;0;0;;1;6kg
598;;Tomaten Rispe;5;2;;2;1;33;0;0;;1;
599;;Cherry Tomate;3;2;;2;1;33;0;0;;1;3 kg
600;;Cherry Tomate gelb;1;12;;2;1;33;0;0;;1;
601;;Tobinambur;1;2;;2;1;33;0;0;;1;5kg
602;;Wirsing;1;2;;2;1;33;0;0;;1;8kg
603;;Zucchini;1;2;;2;1;33;0;0;;1;5kg
604;;Metzgerzwiebel;1;2;;2;1;33;0;0;;1;25kg
605;;E-Schalotten;1;2;;2;1;33;0;0;;1;5kg
606;;Zwiebel;1;2;;2;1;33;0;0;;1;25kg
607;;Kiwi 25er;1;1;;2;1;34;0;0;;1;25 kg
608;;Limetten 54er;1;1;;2;1;34;0;0;;1;54 St.
